{
    "fold": 4,
    "best_threshold": 0.754,
    "metrics_default": {
        "accuracy": 0.9620495958350459,
        "f1_score": 0.969382115618437,
        "precision": 0.977921498661909,
        "recall": 0.9609905763751918,
        "specificity": 0.9638157894736842,
        "false_positive_rate": 0.03618421052631579,
        "auc_roc": 0.9929769572636755
    },
    "metrics_tuned": {
        "accuracy": 0.8934785587066721,
        "f1_score": 0.9069252409169809,
        "precision": 0.9993404564041684,
        "recall": 0.8301555993863686,
        "specificity": 0.9990862573099415,
        "false_positive_rate": 0.0009137426900584795,
        "auc_roc": 0.9929769572636755
    },
    "confusion_matrix_default": {
        "tn": 5274,
        "fp": 198,
        "fn": 356,
        "tp": 8770
    },
    "confusion_matrix_tuned": {
        "tn": 5467,
        "fp": 5,
        "fn": 1550,
        "tp": 7576
    }
}