{
    "fold": 1,
    "best_params": {
        "C": 0.1
    },
    "best_threshold": 0.995,
    "metrics_default": {
        "accuracy": 0.9847924373201808,
        "f1_score": 0.9877981752226008,
        "precision": 0.9908479435439409,
        "recall": 0.9847671232876712,
        "specificity": 0.9848346427918875,
        "false_positive_rate": 0.015165357208112552,
        "auc_roc": 0.9982273727313913
    },
    "metrics_tuned": {
        "accuracy": 0.9654062200301411,
        "f1_score": 0.9715573078006196,
        "precision": 0.9994206257242179,
        "recall": 0.9452054794520548,
        "specificity": 0.9990864242645715,
        "false_positive_rate": 0.0009135757354284671,
        "auc_roc": 0.9982273727313913
    },
    "confusion_matrix_default": {
        "tn": 5390,
        "fp": 83,
        "fn": 139,
        "tp": 8986
    },
    "confusion_matrix_tuned": {
        "tn": 5468,
        "fp": 5,
        "fn": 500,
        "tp": 8625
    }
}