{
    "fold": 3,
    "best_params": {
        "alpha": 10.0,
        "fit_prior": false
    },
    "best_threshold": 0.986,
    "metrics_default": {
        "accuracy": 0.9018358679271133,
        "f1_score": 0.9171245156439767,
        "precision": 0.9710961420698102,
        "recall": 0.868836291913215,
        "specificity": 0.9568713450292398,
        "false_positive_rate": 0.04312865497076023,
        "auc_roc": 0.9661247770011265
    },
    "metrics_tuned": {
        "accuracy": 0.374845869297164,
        "f1_score": 0.0,
        "precision": 0.0,
        "recall": 0.0,
        "specificity": 1.0,
        "false_positive_rate": 0.0,
        "auc_roc": 0.9661247770011265
    },
    "confusion_matrix_default": {
        "tn": 5236,
        "fp": 236,
        "fn": 1197,
        "tp": 7929
    },
    "confusion_matrix_tuned": {
        "tn": 5472,
        "fp": 0,
        "fn": 9126,
        "tp": 0
    }
}