{
    "model_name": "Support Vector Machine (LinearSVC)",
    "global_default": {
        "accuracy": 0.9847104437533395,
        "f1_score": 0.9877502634351949,
        "auc_roc": 0.9984328407846275,
        "precision": 0.9894010027267129,
        "recall": 0.9861050232313492,
        "specificity": 0.9823849724079962,
        "false_positive_rate": 0.017615027592003802
    },
    "global_tuned": {
        "accuracy": 0.9693112849529394,
        "f1_score": 0.9748501111535266,
        "auc_roc": 0.9984328407846275,
        "precision": 0.9994244670564943,
        "recall": 0.9514552467782941,
        "specificity": 0.9990863574900413,
        "false_positive_rate": 0.0009136425099587034
    },
    "global_tuned_threshold": 0.993,
    "fold_results": [
        {
            "fold": 0,
            "best_params": {
                "C": 0.1
            },
            "best_threshold": 0.928,
            "cv_auc": 0.8882284841308925,
            "metrics_default": {
                "accuracy": 0.9866429207479964,
                "f1_score": 0.9893004115226337,
                "auc_roc": 0.9987400142848568,
                "precision": 0.9907682162875041,
                "recall": 0.9878369493754109,
                "specificity": 0.9846519276448018,
                "false_positive_rate": 0.015348072355198247
            },
            "metrics_tuned": {
                "accuracy": 0.9823960545242825,
                "f1_score": 0.9857261871702305,
                "auc_roc": 0.9987400142848568,
                "precision": 0.999436873521793,
                "recall": 0.9723865877712031,
                "specificity": 0.9990864242645715,
                "false_positive_rate": 0.0009135757354284671
            }
        },
        {
            "fold": 1,
            "best_params": {
                "C": 0.1
            },
            "best_threshold": 0.995,
            "cv_auc": 0.8931031567310459,
            "metrics_default": {
                "accuracy": 0.9847924373201808,
                "f1_score": 0.9877981752226008,
                "auc_roc": 0.9982273727313913,
                "precision": 0.9908479435439409,
                "recall": 0.9847671232876712,
                "specificity": 0.9848346427918875,
                "false_positive_rate": 0.015165357208112552
            },
            "metrics_tuned": {
                "accuracy": 0.9654062200301411,
                "f1_score": 0.9715573078006196,
                "auc_roc": 0.9982273727313913,
                "precision": 0.9994206257242179,
                "recall": 0.9452054794520548,
                "specificity": 0.9990864242645715,
                "false_positive_rate": 0.0009135757354284671
            }
        },
        {
            "fold": 2,
            "best_params": {
                "C": 0.1
            },
            "best_threshold": 0.992,
            "cv_auc": 0.8906527933213181,
            "metrics_default": {
                "accuracy": 0.9835593916974928,
                "f1_score": 0.9868435478565947,
                "auc_roc": 0.9983479547166789,
                "precision": 0.9872765163979379,
                "recall": 0.9864109589041096,
                "specificity": 0.9788050429380596,
                "false_positive_rate": 0.021194957061940436
            },
            "metrics_tuned": {
                "accuracy": 0.9703384025208933,
                "f1_score": 0.975711000168284,
                "auc_roc": 0.9983479547166789,
                "precision": 0.999425419443806,
                "recall": 0.9530958904109589,
                "specificity": 0.9990864242645715,
                "false_positive_rate": 0.0009135757354284671
            }
        },
        {
            "fold": 3,
            "best_params": {
                "C": 0.1
            },
            "best_threshold": 0.993,
            "cv_auc": 0.8892374702075045,
            "metrics_default": {
                "accuracy": 0.9846554322509933,
                "f1_score": 0.9877058177826564,
                "auc_roc": 0.998608740146077,
                "precision": 0.9894435891796789,
                "recall": 0.9859741398202937,
                "specificity": 0.9824561403508771,
                "false_positive_rate": 0.017543859649122806
            },
            "metrics_tuned": {
                "accuracy": 0.9697218797095493,
                "f1_score": 0.9751964085297419,
                "auc_roc": 0.998608740146077,
                "precision": 0.9994248907292386,
                "recall": 0.9521148367302213,
                "specificity": 0.9990862573099415,
                "false_positive_rate": 0.0009137426900584795
            }
        },
        {
            "fold": 4,
            "best_params": {
                "C": 0.1
            },
            "best_threshold": 0.994,
            "cv_auc": 0.891341870370065,
            "metrics_default": {
                "accuracy": 0.9839019043704617,
                "f1_score": 0.9871042089666905,
                "auc_roc": 0.9982738413350198,
                "precision": 0.9886775860173683,
                "recall": 0.9855358316896778,
                "specificity": 0.9811769005847953,
                "false_positive_rate": 0.01882309941520468
            },
            "metrics_tuned": {
                "accuracy": 0.9675297986025483,
                "f1_score": 0.9733468286099866,
                "auc_roc": 0.9982738413350198,
                "precision": 0.9996534996534997,
                "recall": 0.9483892176199868,
                "specificity": 0.9994517543859649,
                "false_positive_rate": 0.0005482456140350877
            }
        }
    ]
}