{
    "fold": 0,
    "best_threshold": 0.745,
    "metrics_default": {
        "accuracy": 0.9614357147749846,
        "f1_score": 0.9688726709791563,
        "precision": 0.9777926570695235,
        "recall": 0.9601139601139601,
        "specificity": 0.963639685729947,
        "false_positive_rate": 0.036360314270052985,
        "auc_roc": 0.9933635119653195
    },
    "metrics_tuned": {
        "accuracy": 0.8994451674772245,
        "f1_score": 0.9125878289865428,
        "precision": 0.9993479394887845,
        "recall": 0.8396888012272627,
        "specificity": 0.9990864242645715,
        "false_positive_rate": 0.0009135757354284671,
        "auc_roc": 0.9933635119653195
    },
    "confusion_matrix_default": {
        "tn": 5274,
        "fp": 199,
        "fn": 364,
        "tp": 8762
    },
    "confusion_matrix_tuned": {
        "tn": 5468,
        "fp": 5,
        "fn": 1463,
        "tp": 7663
    }
}